Symbol Name,Type,Side,Qty,Rem Qty,Order Price,Traded Price,Trigger Price,Status,Time/Date,Order Id,Message
SENSEX2642379000CE,LIMIT,SELL,500,460,416.5,416.5,0,cancelled,09:15:00 / 22-04-2026,1280029263,103 - Order Cancelled
SENSEX2642379000CE,LIMIT,SELL,500,0,366.65,367.954,0,executed,09:15:01 / 22-04-2026,1280029264,
SENSEX2642379000CE,LIMIT,SELL,500,0,338.1,346.544,0,executed,09:15:13 / 22-04-2026,1280029265,
SENSEX2642379000CE,LIMIT,SELL,500,0,344.6,350.19,0,executed,09:15:15 / 22-04-2026,1280029266,
SENSEX2642379000CE,LIMIT,SELL,500,0,378.65,378.69,0,executed,09:15:36 / 22-04-2026,1280029276,
SENSEX2642379000CE,LIMIT,SELL,500,0,358.45,363.854,0,executed,09:15:49 / 22-04-2026,1280029279,
SENSEX2642380300CE,LIMIT,BUY,500,0,49.25,48.478,0,executed,09:15:54 / 22-04-2026,1280029282,
SENSEX2642379000CE,LIMIT,SELL,500,0,337.6,337.6,0,executed,09:16:03 / 22-04-2026,1280029283,
SENSEX2642380300CE,LIMIT,BUY,500,0,43.3,42.868,0,executed,09:16:07 / 22-04-2026,1280029284,
SENSEX2642379000CE,LIMIT,SELL,500,0,337.75,347.012,0,executed,09:16:16 / 22-04-2026,1280029285,
SENSEX2642380300CE,LIMIT,BUY,500,0,47.9,45.968,0,executed,09:16:20 / 22-04-2026,1280029286,
SENSEX2642378000PE,LIMIT,SELL,500,0,138.55,141.336,0,executed,09:16:23 / 22-04-2026,1280029287,
SENSEX2642379300PE,LIMIT,BUY,100,0,668.8,643.59,0,executed,09:16:47 / 22-04-2026,1280029288,
SENSEX2642379300PE,LIMIT,BUY,100,0,668.8,637.85,0,executed,09:16:47 / 22-04-2026,1280029289,
SENSEX2642379000PE,LIMIT,SELL,100,0,438.8,462.64,0,executed,09:16:48 / 22-04-2026,1280029290,
SENSEX2642379000PE,LIMIT,SELL,100,0,438.8,461.96,0,executed,09:16:48 / 22-04-2026,1280029291,
SENSEX2642378000PE,LIMIT,SELL,500,0,125.35,128.194,0,executed,09:16:56 / 22-04-2026,1280029292,
SENSEX2642379300PE,LIMIT,SELL,200,0,523.75,617.41,0,executed,09:17:22 / 22-04-2026,1280029293,
SENSEX2642378000PE,LIMIT,SELL,500,500,112.7,0,0,rejected,09:17:53 / 22-04-2026,1280029294,OEMS:RMS : Margin Exceeds :  - Set Limit:[80000000] Total Required Margin:[81526688.03] Available Margin[1272463.19] Margin Shortfall[1526688.03] for entity [Dealer]-[DLL13462] across [ALL|ALL|ALL
SENSEX2642375000PE,LIMIT,BUY,500,0,4.1,4.1,0,executed,09:18:10 / 22-04-2026,1280029295,
SENSEX2642375000PE,LIMIT,BUY,500,0,4.1,4.1,0,executed,09:18:10 / 22-04-2026,1280029296,
SENSEX2642375000PE,LIMIT,BUY,500,0,4.15,4.15,0,executed,09:18:10 / 22-04-2026,1280029297,
SENSEX2642375000PE,LIMIT,BUY,500,0,4.15,4.15,0,executed,09:18:10 / 22-04-2026,1280029298,
SENSEX2642375000PE,LIMIT,BUY,500,0,4.2,4.15,0,executed,09:18:11 / 22-04-2026,1280029299,
SENSEX2642375000PE,LIMIT,BUY,500,0,4.2,4.15,0,executed,09:18:12 / 22-04-2026,1280029300,
SENSEX2642375000PE,LIMIT,BUY,500,0,4.2,4.15,0,executed,09:18:12 / 22-04-2026,1280029301,
SENSEX2642375000PE,LIMIT,BUY,500,0,4.2,4.15,0,executed,09:18:12 / 22-04-2026,1280029302,
SENSEX2642375000PE,LIMIT,BUY,500,0,4.2,4.15,0,executed,09:18:12 / 22-04-2026,1280029303,
SENSEX2642375000PE,LIMIT,BUY,500,0,4.15,4.15,0,executed,09:18:13 / 22-04-2026,1280029304,
SENSEX2642375000PE,LIMIT,BUY,500,0,4.15,4.15,0,executed,09:18:13 / 22-04-2026,1280029305,
SENSEX2642379000PE,LIMIT,BUY,100,0,489.5,467.09,0,executed,09:18:36 / 22-04-2026,1280029306,
SENSEX2642379000PE,LIMIT,BUY,100,0,489.5,464.97,0,executed,09:18:36 / 22-04-2026,1280029307,
SENSEX2642379300PE,LIMIT,SELL,100,0,615.35,647.2,0,executed,09:18:36 / 22-04-2026,1280029308,
SENSEX2642379300PE,LIMIT,SELL,100,0,615.35,647,0,executed,09:18:36 / 22-04-2026,1280029309,
SENSEX2642378300PE,LIMIT,BUY,300,0,200,190.97,0,executed,09:21:05 / 22-04-2026,1280029311,
SENSEX2642378000PE,LIMIT,SELL,300,0,118.5,123.46333333333334,0,executed,09:21:06 / 22-04-2026,1280029312,
SENSEX2642379300PE,LIMIT,BUY,200,0,747.1,648.28,0,executed,09:21:31 / 22-04-2026,1280029313,
SENSEX2642380300CE,LIMIT,BUY,500,0,50.1,49.518,0,executed,09:21:35 / 22-04-2026,1280029314,
SENSEX2642379000CE,LIMIT,SELL,500,0,329.25,336.394,0,executed,09:22:44 / 22-04-2026,1280029321,
SENSEX2642380300CE,LIMIT,BUY,500,0,47.1,46.288,0,executed,09:22:49 / 22-04-2026,1280029322,
SENSEX2642380000CE,LIMIT,SELL,500,0,74.95,75.896,0,executed,09:22:58 / 22-04-2026,1280029323,
SENSEX2642380300CE,LIMIT,BUY,500,0,47.15,46.3,0,executed,09:23:20 / 22-04-2026,1280029328,
SENSEX2642378000PE,LIMIT,SELL,500,0,114.8,116.39,0,executed,09:23:30 / 22-04-2026,1280029329,
SENSEX2642380000CE,LIMIT,BUY,500,0,77.7,76.25,0,executed,09:23:37 / 22-04-2026,1280029330,
SENSEX2642380300CE,LIMIT,BUY,500,0,46,45.164,0,executed,09:23:41 / 22-04-2026,1280029331,
SENSEX2642380000CE,LIMIT,SELL,500,0,75.35,76.534,0,executed,09:23:47 / 22-04-2026,1280029332,
SENSEX2642380300CE,LIMIT,BUY,500,0,45.1,44.404,0,executed,09:23:51 / 22-04-2026,1280029333,
SENSEX2642380000CE,LIMIT,SELL,500,0,72.9,73.336,0,executed,09:24:00 / 22-04-2026,1280029334,
SENSEX2642380300CE,LIMIT,BUY,500,0,44.45,44.028,0,executed,09:24:03 / 22-04-2026,1280029335,
SENSEX2642380300CE,LIMIT,BUY,500,0,44.45,43.822,0,executed,09:24:03 / 22-04-2026,1280029336,
SENSEX2642380000CE,LIMIT,SELL,500,0,69.8,71.256,0,executed,09:24:08 / 22-04-2026,1280029337,
SENSEX2642380000CE,LIMIT,SELL,500,0,69.8,71.374,0,executed,09:24:08 / 22-04-2026,1280029338,
SENSEX2642379000CE,LIMIT,SELL,500,0,312.35,320.144,0,executed,09:24:17 / 22-04-2026,1280029339,
SENSEX2642378500CE,LIMIT,SELL,500,0,578.5,588.872,0,executed,09:24:24 / 22-04-2026,1280029340,
SENSEX2642378500CE,LIMIT,SELL,500,0,571,582.704,0,executed,09:24:31 / 22-04-2026,1280029341,
SENSEX2642380000CE,LIMIT,SELL,460,0,55.8,65.3,0,executed,09:24:38 / 22-04-2026,1280029342,
SENSEX2642378500CE,LIMIT,SELL,500,0,562.9,571.168,0,executed,09:24:46 / 22-04-2026,1280029343,
SENSEX2642378500CE,LIMIT,SELL,500,500,554.2,0,0,rejected,09:25:07 / 22-04-2026,1280029344,OEMS:RMS : Margin Exceeds :  - Set Limit:[80000000] Total Required Margin:[82724101.15] Available Margin[1148606.81] Margin Shortfall[2724101.15] for entity [Dealer]-[DLL13462] across [ALL|ALL|ALL
SENSEX2642378300PE,LIMIT,BUY,300,0,223.45,212.26333333333332,0,executed,09:25:11 / 22-04-2026,1280029345,
SENSEX2642378000PE,LIMIT,SELL,300,0,132.75,139.83333333333334,0,executed,09:25:12 / 22-04-2026,1280029346,
SENSEX2642379000CE,LIMIT,SELL,500,500,289.55,0,0,rejected,09:25:47 / 22-04-2026,1280029353,OEMS:RMS : Margin Exceeds :  - Set Limit:[80000000] Total Required Margin:[83024748.33] Available Margin[589307.88] Margin Shortfall[3024748.33] for entity [Dealer]-[DLL13462] across [ALL|ALL|ALL
SENSEX2642380300CE,LIMIT,BUY,500,0,39.3,38.65,0,executed,09:27:11 / 22-04-2026,1280029356,
SENSEX2642380300CE,LIMIT,BUY,500,0,39.3,38.65,0,executed,09:27:11 / 22-04-2026,1280029357,
SENSEX2642380300CE,LIMIT,BUY,500,0,39.3,38.65,0,executed,09:27:11 / 22-04-2026,1280029358,
SENSEX2642380300CE,LIMIT,BUY,500,0,39.3,38.66,0,executed,09:27:11 / 22-04-2026,1280029359,
SENSEX2642380300CE,LIMIT,BUY,500,0,39.15,38.4,0,executed,09:27:14 / 22-04-2026,1280029360,
SENSEX2642380300CE,LIMIT,BUY,500,0,39.15,38.4,0,executed,09:27:14 / 22-04-2026,1280029361,
SENSEX2642380300CE,LIMIT,BUY,500,0,39.15,38.4,0,executed,09:27:15 / 22-04-2026,1280029362,
SENSEX2642380300CE,LIMIT,BUY,500,0,38.8,38.176,0,executed,09:27:20 / 22-04-2026,1280029363,
SENSEX2642380300CE,LIMIT,BUY,500,0,38.8,38.196,0,executed,09:27:20 / 22-04-2026,1280029364,
SENSEX2642380300CE,LIMIT,BUY,500,0,38.95,38.16,0,executed,09:27:20 / 22-04-2026,1280029365,
SENSEX2642380300CE,LIMIT,BUY,500,0,38.95,38.034,0,executed,09:27:20 / 22-04-2026,1280029366,
SENSEX2642380300CE,LIMIT,BUY,140,0,43.7,37.7,0,executed,09:27:23 / 22-04-2026,1280029367,
SENSEX2642379000CE,LIMIT,SELL,500,0,287.5,293.63,0,executed,09:27:42 / 22-04-2026,1280029368,
SENSEX2642378000PE,LIMIT,SELL,500,0,138.3,141.574,0,executed,09:27:56 / 22-04-2026,1280029369,
SENSEX2642375500PE,LIMIT,BUY,500,0,5.3,5.3,0,executed,09:28:13 / 22-04-2026,1280029374,
SENSEX2642375500PE,LIMIT,BUY,500,0,5.3,5.3,0,executed,09:28:13 / 22-04-2026,1280029375,
SENSEX2642375500PE,LIMIT,BUY,500,0,5.3,5.3,0,executed,09:28:13 / 22-04-2026,1280029376,
SENSEX2642375500PE,LIMIT,BUY,500,0,5.3,5.3,0,executed,09:28:13 / 22-04-2026,1280029377,
SENSEX2642375500PE,LIMIT,BUY,500,0,5.45,5.35,0,executed,09:28:13 / 22-04-2026,1280029378,
SENSEX2642375500PE,LIMIT,BUY,500,0,5.45,5.4,0,executed,09:28:13 / 22-04-2026,1280029379,
SENSEX2642378500CE,LIMIT,SELL,500,0,527.5,538.07,0,executed,09:29:28 / 22-04-2026,1280029380,
SENSEX2642378300PE,LIMIT,BUY,300,0,259.5,244.23,0,executed,09:30:03 / 22-04-2026,1280029381,
SENSEX2642378000PE,LIMIT,SELL,300,0,154.75,160.28,0,executed,09:30:04 / 22-04-2026,1280029382,
SENSEX2642378500CE,LIMIT,SELL,500,0,500.05,510.332,0,executed,09:30:07 / 22-04-2026,1280029383,
SENSEX2642378300PE,LIMIT,BUY,300,0,259.35,246.35333333333332,0,executed,09:30:36 / 22-04-2026,1280029384,
SENSEX2642378000PE,LIMIT,SELL,300,0,156.6,162.27666666666667,0,executed,09:30:37 / 22-04-2026,1280029385,
SENSEX2642378000PE,LIMIT,SELL,500,0,155.85,159.614,0,executed,09:30:50 / 22-04-2026,1280029386,
SENSEX2642378000PE,LIMIT,SELL,500,0,147,150.256,0,executed,09:31:18 / 22-04-2026,1280029387,
SENSEX2642378000PE,LIMIT,SELL,500,0,149.75,152.1,0,executed,09:32:33 / 22-04-2026,1280029394,
SENSEX2642378500CE,LIMIT,BUY,500,0,555.85,546.672,0,executed,09:32:57 / 22-04-2026,1280029395,
SENSEX2642378500CE,LIMIT,BUY,500,0,573.85,564.446,0,executed,09:33:09 / 22-04-2026,1280029396,
SENSEX2642379000CE,LIMIT,SELL,500,0,288.1,292.354,0,executed,09:33:36 / 22-04-2026,1280029397,
SENSEX2642378500CE,LIMIT,SELL,500,0,509.6,518.658,0,executed,09:34:23 / 22-04-2026,1280029398,
SENSEX2642378500CE,LIMIT,SELL,200,0,506.35,514.49,0,executed,09:39:59 / 22-04-2026,1280029401,
SENSEX2642378500CE,LIMIT,SELL,200,0,496.2,503,0,executed,09:40:00 / 22-04-2026,1280029402,
SENSEX2642378500CE,LIMIT,SELL,200,0,476.8,483.435,0,executed,09:43:11 / 22-04-2026,1280029403,
SENSEX2642378300PE,LIMIT,BUY,300,0,271.35,258.57666666666665,0,executed,09:43:33 / 22-04-2026,1280029404,
SENSEX2642378000PE,LIMIT,SELL,300,0,160.55,168.19333333333333,0,executed,09:43:33 / 22-04-2026,1280029405,
SENSEX2642378000PE,LIMIT,SELL,200,200,160.6,0,0,rejected,09:43:51 / 22-04-2026,1280029406,OEMS:RMS : Margin Exceeds :  - Set Limit:[80000000] Total Required Margin:[80277662.65] Available Margin[841997.84] Margin Shortfall[277662.65] for entity [Dealer]-[DLL13462] across [ALL|ALL|ALL
SENSEX2642378500CE,LIMIT,SELL,200,0,470.4,479.935,0,executed,09:44:42 / 22-04-2026,1280029407,
SENSEX2642378000PE,LIMIT,BUY,200,0,180.05,175.9,0,executed,09:46:45 / 22-04-2026,1280029412,
SENSEX2642378500CE,LIMIT,SELL,200,0,462.35,470.215,0,executed,09:46:48 / 22-04-2026,1280029413,
SENSEX2642378000PE,LIMIT,BUY,200,0,183.25,179.475,0,executed,09:46:55 / 22-04-2026,1280029414,
SENSEX2642378000PE,LIMIT,BUY,200,0,183.15,179.55,0,executed,09:47:16 / 22-04-2026,1280029415,
SENSEX2642378000PE,LIMIT,BUY,200,0,184.25,181.4,0,executed,09:47:26 / 22-04-2026,1280029416,
SENSEX2642378300PE,LIMIT,SELL,200,0,260.3,265,0,executed,09:47:41 / 22-04-2026,1280029417,
SENSEX2642378300PE,LIMIT,SELL,200,0,261.25,266.06,0,executed,09:47:43 / 22-04-2026,1280029418,
SENSEX2642378300PE,LIMIT,SELL,200,0,259.75,263.03,0,executed,09:47:48 / 22-04-2026,1280029419,
SENSEX2642378500CE,LIMIT,BUY,200,0,474.3,462.59,0,executed,09:47:51 / 22-04-2026,1280029420,
SENSEX2642378000PE,LIMIT,BUY,200,0,178.95,176.05,0,executed,09:48:01 / 22-04-2026,1280029421,
SENSEX2642378000PE,LIMIT,BUY,200,0,182.35,178.585,0,executed,09:48:06 / 22-04-2026,1280029422,
SENSEX2642378000PE,LIMIT,BUY,200,0,182.7,180,0,executed,09:48:13 / 22-04-2026,1280029423,
SENSEX2642378000PE,LIMIT,BUY,200,0,186.65,183.6,0,executed,09:48:17 / 22-04-2026,1280029424,
SENSEX2642378000PE,LIMIT,BUY,200,0,188.65,185.73,0,executed,09:48:22 / 22-04-2026,1280029425,
SENSEX2642378000PE,LIMIT,BUY,200,0,187.25,183.05,0,executed,09:48:32 / 22-04-2026,1280029426,
SENSEX2642378300PE,LIMIT,SELL,200,0,266.1,272.73,0,executed,09:48:42 / 22-04-2026,1280029427,
SENSEX2642378000PE,LIMIT,BUY,200,0,186.8,182.8,0,executed,09:48:45 / 22-04-2026,1280029428,
SENSEX2642378000PE,LIMIT,BUY,200,0,185.45,182.325,0,executed,09:48:49 / 22-04-2026,1280029429,
SENSEX2642378500CE,LIMIT,BUY,200,0,466.25,458.8,0,executed,09:48:53 / 22-04-2026,1280029430,
SENSEX2642378500CE,LIMIT,BUY,200,0,469.2,460.535,0,executed,09:48:55 / 22-04-2026,1280029431,
SENSEX2642379000CE,LIMIT,BUY,200,0,238.05,234.75,0,executed,09:48:56 / 22-04-2026,1280029432,
SENSEX2642379000CE,LIMIT,BUY,200,0,238.05,236.405,0,executed,09:48:57 / 22-04-2026,1280029433,
SENSEX2642379000CE,LIMIT,BUY,200,0,240.4,236.6,0,executed,09:48:57 / 22-04-2026,1280029434,
SENSEX2642378500CE,LIMIT,BUY,200,0,477.9,470.745,0,executed,09:49:14 / 22-04-2026,1280029437,
SENSEX2642379000CE,LIMIT,BUY,200,0,242.7,238.3,0,executed,09:49:19 / 22-04-2026,1280029438,
SENSEX2642379000CE,LIMIT,BUY,200,0,242.3,238.39,0,executed,09:49:19 / 22-04-2026,1280029439,
SENSEX2642378000PE,LIMIT,BUY,200,0,179.85,176.25,0,executed,09:49:23 / 22-04-2026,1280029440,
SENSEX2642378000PE,LIMIT,BUY,200,0,181.8,178.25,0,executed,09:49:30 / 22-04-2026,1280029441,
SENSEX2642378000PE,LIMIT,BUY,200,0,179.8,176.65,0,executed,09:49:34 / 22-04-2026,1280029442,
SENSEX2642378300PE,LIMIT,SELL,200,0,263.7,267.625,0,executed,09:49:37 / 22-04-2026,1280029443,
SENSEX2642378300PE,LIMIT,SELL,200,0,263.7,268.41,0,executed,09:49:37 / 22-04-2026,1280029444,
SENSEX2642378500CE,LIMIT,BUY,200,0,481.1,473.675,0,executed,09:49:42 / 22-04-2026,1280029445,
SENSEX2642378500CE,LIMIT,BUY,200,0,481.1,473.285,0,executed,09:49:42 / 22-04-2026,1280029446,
SENSEX2642379000CE,LIMIT,BUY,200,0,243.45,238.875,0,executed,09:49:45 / 22-04-2026,1280029447,
SENSEX2642379000CE,LIMIT,BUY,200,0,243.45,239.005,0,executed,09:49:45 / 22-04-2026,1280029448,
SENSEX2642378000PE,LIMIT,BUY,200,0,179.85,177.065,0,executed,09:49:47 / 22-04-2026,1280029449,
SENSEX2642378000PE,LIMIT,BUY,200,0,179.85,177.625,0,executed,09:49:48 / 22-04-2026,1280029450,
SENSEX2642378000PE,LIMIT,BUY,200,0,179.85,178.05,0,executed,09:49:48 / 22-04-2026,1280029451,
SENSEX2642378000PE,LIMIT,BUY,200,0,179.85,178.35,0,executed,09:49:48 / 22-04-2026,1280029452,
SENSEX2642378300PE,LIMIT,SELL,200,0,260.65,265.575,0,executed,09:49:53 / 22-04-2026,1280029453,
SENSEX2642378000PE,LIMIT,BUY,200,0,179.3,176.065,0,executed,09:49:55 / 22-04-2026,1280029454,
SENSEX2642378000PE,LIMIT,BUY,200,0,179.3,175.9,0,executed,09:49:56 / 22-04-2026,1280029455,
SENSEX2642378000PE,LIMIT,BUY,200,0,179.3,175.85,0,executed,09:49:56 / 22-04-2026,1280029456,
SENSEX2642378000PE,LIMIT,BUY,200,0,179.3,175.6,0,executed,09:49:56 / 22-04-2026,1280029457,
SENSEX2642378500CE,LIMIT,BUY,200,0,484.5,475.2,0,executed,09:50:03 / 22-04-2026,1280029458,
SENSEX2642379000CE,LIMIT,BUY,200,0,247.25,241.63,0,executed,09:50:07 / 22-04-2026,1280029459,
SENSEX2642378000PE,LIMIT,BUY,200,0,177.15,173.2,0,executed,09:50:10 / 22-04-2026,1280029460,
SENSEX2642378000PE,LIMIT,BUY,200,0,177.15,173.845,0,executed,09:50:10 / 22-04-2026,1280029461,
SENSEX2642378000PE,LIMIT,BUY,200,0,177,173.815,0,executed,09:50:10 / 22-04-2026,1280029462,
SENSEX2642378000PE,LIMIT,BUY,200,0,177,173.625,0,executed,09:50:11 / 22-04-2026,1280029463,
SENSEX2642378500CE,LIMIT,BUY,200,0,488.7,479.69,0,executed,09:50:13 / 22-04-2026,1280029464,
SENSEX2642379000CE,LIMIT,BUY,200,0,246.25,242.85,0,executed,09:50:16 / 22-04-2026,1280029465,
SENSEX2642378000PE,LIMIT,BUY,200,0,176.95,176.05,0,executed,09:50:18 / 22-04-2026,1280029466,
SENSEX2642378000PE,LIMIT,BUY,200,0,176.95,175.365,0,executed,09:50:18 / 22-04-2026,1280029467,
SENSEX2642378000PE,LIMIT,BUY,200,0,178.9,175.3,0,executed,09:50:18 / 22-04-2026,1280029468,
SENSEX2642378000PE,LIMIT,BUY,200,0,178.9,174.65,0,executed,09:50:18 / 22-04-2026,1280029469,
SENSEX2642378000PE,LIMIT,BUY,1000,0,199.6,173.26,0,executed,09:50:31 / 22-04-2026,1280029470,
SENSEX2642378000PE,LIMIT,BUY,1000,0,199.6,173.443,0,executed,09:50:31 / 22-04-2026,1280029471,
SENSEX2642378000PE,LIMIT,BUY,1000,0,199.6,173.404,0,executed,09:50:31 / 22-04-2026,1280029472,
SENSEX2642378000PE,LIMIT,BUY,1000,0,199.6,173.504,0,executed,09:50:31 / 22-04-2026,1280029473,
SENSEX2642378000PE,LIMIT,BUY,1000,0,199.6,173.738,0,executed,09:50:31 / 22-04-2026,1280029474,
SENSEX2642378000PE,LIMIT,BUY,1000,0,199.6,173.386,0,executed,09:50:31 / 22-04-2026,1280029475,
SENSEX2642378000PE,LIMIT,BUY,1000,0,199.6,173.483,0,executed,09:50:31 / 22-04-2026,1280029476,
SENSEX2642379000CE,LIMIT,BUY,1000,0,276.9,241.955,0,executed,09:50:32 / 22-04-2026,1280029477,
SENSEX2642378500CE,LIMIT,BUY,400,0,545,475,0,executed,09:50:32 / 22-04-2026,1280029478,
SENSEX2642378000PE,LIMIT,BUY,1000,0,199.6,172.586,0,executed,09:50:32 / 22-04-2026,1280029479,
SENSEX2642379000CE,LIMIT,BUY,1000,0,276.9,241.941,0,executed,09:50:32 / 22-04-2026,1280029480,
SENSEX2642378000PE,LIMIT,BUY,1000,0,199.6,172.763,0,executed,09:50:32 / 22-04-2026,1280029481,
SENSEX2642378500CE,LIMIT,BUY,1000,0,545,475,0,executed,09:50:32 / 22-04-2026,1280029482,
SENSEX2642378000PE,LIMIT,BUY,440,0,199.6,172.77954545454546,0,executed,09:50:32 / 22-04-2026,1280029483,
SENSEX2642379000CE,LIMIT,BUY,1000,0,276.9,240.769,0,executed,09:50:33 / 22-04-2026,1280029484,
SENSEX2642379000CE,LIMIT,BUY,740,0,276.9,240.79594594594596,0,executed,09:50:33 / 22-04-2026,1280029485,
SENSEX2642374000PE,LIMIT,SELL,1000,0,1.8,2.05,0,executed,09:50:33 / 22-04-2026,1280029486,
SENSEX2642374000PE,LIMIT,SELL,1000,0,1.8,2.05,0,executed,09:50:33 / 22-04-2026,1280029487,
SENSEX2642374000PE,LIMIT,SELL,1000,0,1.8,2.05,0,executed,09:50:33 / 22-04-2026,1280029488,
SENSEX2642374000PE,LIMIT,SELL,1000,0,1.8,2.05,0,executed,09:50:33 / 22-04-2026,1280029489,
SENSEX2642374000PE,LIMIT,SELL,1000,0,1.8,2.05,0,executed,09:50:33 / 22-04-2026,1280029490,
SENSEX2642374000PE,LIMIT,SELL,1000,0,1.8,2.05,0,executed,09:50:33 / 22-04-2026,1280029491,
SENSEX2642374000PE,LIMIT,SELL,1000,0,1.8,2.05,0,executed,09:50:33 / 22-04-2026,1280029492,
SENSEX2642374000PE,LIMIT,SELL,1000,0,1.8,2,0,executed,09:50:34 / 22-04-2026,1280029493,
SENSEX2642374000PE,LIMIT,SELL,1000,0,1.8,2,0,executed,09:50:34 / 22-04-2026,1280029494,
SENSEX2642374000PE,LIMIT,SELL,1000,0,1.8,2,0,executed,09:50:34 / 22-04-2026,1280029495,
SENSEX2642374000PE,LIMIT,SELL,1000,0,1.8,2,0,executed,09:50:34 / 22-04-2026,1280029496,
SENSEX2642374000PE,LIMIT,SELL,1000,0,1.8,2,0,executed,09:50:34 / 22-04-2026,1280029497,
SENSEX2642374000PE,LIMIT,SELL,1000,0,1.8,2,0,executed,09:50:34 / 22-04-2026,1280029498,
SENSEX2642374000PE,LIMIT,SELL,1000,0,1.8,2,0,executed,09:50:34 / 22-04-2026,1280029499,
SENSEX2642375000PE,LIMIT,SELL,1000,0,2.95,3.45,0,executed,09:50:35 / 22-04-2026,1280029500,
SENSEX2642375000PE,LIMIT,SELL,500,0,2.95,3.45,0,executed,09:50:35 / 22-04-2026,1280029501,
SENSEX2642375000PE,LIMIT,SELL,1000,0,2.95,3.45,0,executed,09:50:35 / 22-04-2026,1280029502,
SENSEX2642375000PE,LIMIT,SELL,1000,0,2.95,3.4,0,executed,09:50:35 / 22-04-2026,1280029503,
SENSEX2642374000PE,LIMIT,SELL,400,0,1.8,2,0,executed,09:50:35 / 22-04-2026,1280029504,
SENSEX2642375000PE,LIMIT,SELL,1000,0,2.95,3.4,0,executed,09:50:35 / 22-04-2026,1280029505,
SENSEX2642375000PE,LIMIT,SELL,1000,0,2.95,3.4,0,executed,09:50:35 / 22-04-2026,1280029506,
SENSEX2642382500CE,LIMIT,SELL,1000,0,2.5,2.8,0,executed,09:50:36 / 22-04-2026,1280029507,
SENSEX2642378300PE,LIMIT,SELL,540,0,223.45,262.8074074074074,0,executed,09:50:36 / 22-04-2026,1280029508,
SENSEX2642378300PE,LIMIT,SELL,1000,0,223.45,262.512,0,executed,09:50:36 / 22-04-2026,1280029509,
SENSEX2642375500PE,LIMIT,SELL,1000,0,4.25,4.85,0,executed,09:50:36 / 22-04-2026,1280029510,
SENSEX2642378300PE,LIMIT,SELL,1000,0,223.45,262.687,0,executed,09:50:37 / 22-04-2026,1280029511,
SENSEX2642375500PE,LIMIT,SELL,1000,0,4.25,4.85,0,executed,09:50:37 / 22-04-2026,1280029512,
SENSEX2642375500PE,LIMIT,SELL,1000,0,4.25,4.85,0,executed,09:50:37 / 22-04-2026,1280029513,
SENSEX2642382500CE,LIMIT,SELL,1000,0,2.5,2.8,0,executed,09:50:38 / 22-04-2026,1280029514,
SENSEX2642382500CE,LIMIT,SELL,1000,0,2.5,2.8,0,executed,09:50:38 / 22-04-2026,1280029515,
SENSEX2642382500CE,LIMIT,SELL,1000,0,2.5,2.8,0,executed,09:50:38 / 22-04-2026,1280029516,
SENSEX2642382500CE,LIMIT,SELL,1000,0,2.5,2.8,0,executed,09:50:38 / 22-04-2026,1280029517,
SENSEX2642382500CE,LIMIT,SELL,1000,0,2.5,2.8,0,executed,09:50:38 / 22-04-2026,1280029518,
SENSEX2642382500CE,LIMIT,SELL,1000,0,2.5,2.8,0,executed,09:50:38 / 22-04-2026,1280029519,
SENSEX2642382500CE,LIMIT,SELL,1000,0,2.5,2.8,0,executed,09:50:38 / 22-04-2026,1280029520,
SENSEX2642382500CE,LIMIT,SELL,160,0,2.5,2.8,0,executed,09:50:39 / 22-04-2026,1280029521,
SENSEX2642382500CE,LIMIT,SELL,1000,0,2.5,2.8,0,executed,09:50:39 / 22-04-2026,1280029522,
SENSEX2642382500CE,LIMIT,SELL,1000,0,2.5,2.8,0,executed,09:50:39 / 22-04-2026,1280029523,
SENSEX2642382500CE,LIMIT,SELL,1000,0,2.5,2.8,0,executed,09:50:39 / 22-04-2026,1280029524,
SENSEX2642382500CE,LIMIT,SELL,1000,0,2.5,2.8,0,executed,09:50:39 / 22-04-2026,1280029525,
SENSEX2642382500CE,LIMIT,SELL,1000,0,2.5,2.8,0,executed,09:50:39 / 22-04-2026,1280029526,
SENSEX2642377500PE,LIMIT,SELL,520,0,108.85,110.45961538461539,0,executed,10:03:15 / 22-04-2026,1280029538,
SENSEX2642377500PE,LIMIT,SELL,520,0,108.85,110.75384615384615,0,executed,10:03:15 / 22-04-2026,1280029539,
SENSEX2642377500PE,LIMIT,SELL,520,0,109.25,110.96538461538462,0,executed,10:03:17 / 22-04-2026,1280029540,
SENSEX2642377500PE,LIMIT,SELL,520,0,108.85,110.87307692307692,0,executed,10:03:17 / 22-04-2026,1280029541,
SENSEX2642379300CE,LIMIT,SELL,520,0,124.45,126.72884615384615,0,executed,10:03:31 / 22-04-2026,1280029542,
SENSEX2642379300CE,LIMIT,SELL,520,0,124.45,126.7673076923077,0,executed,10:03:31 / 22-04-2026,1280029543,
SENSEX2642379300CE,LIMIT,SELL,520,0,124.2,126.72692307692307,0,executed,10:03:33 / 22-04-2026,1280029544,
SENSEX2642379300CE,LIMIT,SELL,520,0,124.45,127.12884615384615,0,executed,10:03:37 / 22-04-2026,1280029545,
SENSEX2642377500PE,LIMIT,SELL,520,0,107.2,108.96923076923076,0,executed,10:03:40 / 22-04-2026,1280029546,
SENSEX2642377500PE,LIMIT,SELL,520,0,106.75,108.75961538461539,0,executed,10:03:40 / 22-04-2026,1280029547,
SENSEX2642377500PE,LIMIT,SELL,520,0,106.75,108.74230769230769,0,executed,10:03:41 / 22-04-2026,1280029548,
SENSEX2642377500PE,LIMIT,SELL,520,0,106.75,108.74423076923077,0,executed,10:03:41 / 22-04-2026,1280029549,
SENSEX2642375500PE,LIMIT,BUY,520,0,5.45,5.4,0,executed,10:08:06 / 22-04-2026,1280029550,
SENSEX2642375500PE,LIMIT,BUY,520,0,5.45,5.4,0,executed,10:08:06 / 22-04-2026,1280029551,
SENSEX2642375500PE,LIMIT,BUY,520,0,5.45,5.4,0,executed,10:08:07 / 22-04-2026,1280029552,
SENSEX2642375500PE,LIMIT,BUY,520,0,5.45,5.4,0,executed,10:08:07 / 22-04-2026,1280029553,
SENSEX2642375500PE,LIMIT,BUY,520,0,5.5,5.4,0,executed,10:08:08 / 22-04-2026,1280029554,
SENSEX2642375500PE,LIMIT,BUY,520,0,5.5,5.4,0,executed,10:08:08 / 22-04-2026,1280029555,
SENSEX2642375500PE,LIMIT,BUY,520,0,5.5,5.4,0,executed,10:08:09 / 22-04-2026,1280029556,
SENSEX2642375500PE,LIMIT,BUY,520,0,5.5,5.415384615384616,0,executed,10:08:09 / 22-04-2026,1280029557,
SENSEX2642375500PE,LIMIT,BUY,520,0,5.5,5.45,0,executed,10:08:10 / 22-04-2026,1280029558,
SENSEX2642375500PE,LIMIT,BUY,520,0,5.5,5.45,0,executed,10:08:10 / 22-04-2026,1280029559,
SENSEX2642375500PE,LIMIT,BUY,520,0,5.5,5.45,0,executed,10:08:11 / 22-04-2026,1280029560,
SENSEX2642375500PE,LIMIT,BUY,520,0,5.5,5.45,0,executed,10:08:11 / 22-04-2026,1280029561,
SENSEX2642381600CE,LIMIT,BUY,520,0,5.5,5.45,0,executed,10:08:22 / 22-04-2026,1280029562,
SENSEX2642381600CE,LIMIT,BUY,520,0,5.5,5.45,0,executed,10:08:22 / 22-04-2026,1280029563,
SENSEX2642381600CE,LIMIT,BUY,520,0,5.5,5.45,0,executed,10:08:22 / 22-04-2026,1280029564,
SENSEX2642381600CE,LIMIT,BUY,520,0,5.55,5.45,0,executed,10:08:23 / 22-04-2026,1280029565,
SENSEX2642381600CE,LIMIT,BUY,520,0,5.55,5.45,0,executed,10:08:24 / 22-04-2026,1280029566,
SENSEX2642381600CE,LIMIT,BUY,520,0,5.55,5.45,0,executed,10:08:24 / 22-04-2026,1280029567,
SENSEX2642381600CE,LIMIT,BUY,520,0,5.55,5.45,0,executed,10:08:24 / 22-04-2026,1280029568,
SENSEX2642381600CE,LIMIT,BUY,520,0,5.55,5.45,0,executed,10:08:25 / 22-04-2026,1280029569,
SENSEX2642381600CE,LIMIT,BUY,520,0,5.5,5.45,0,executed,10:08:29 / 22-04-2026,1280029570,
SENSEX2642381600CE,LIMIT,BUY,520,0,5.5,5.45,0,executed,10:08:29 / 22-04-2026,1280029571,
SENSEX2642379300CE,LIMIT,SELL,520,0,124.75,126.91923076923077,0,executed,10:08:33 / 22-04-2026,1280029572,
SENSEX2642377500PE,LIMIT,SELL,520,0,105.6,107.63461538461539,0,executed,10:08:36 / 22-04-2026,1280029573,
SENSEX2642377500PE,LIMIT,SELL,520,0,97.55,99.41153846153846,0,executed,10:12:42 / 22-04-2026,1280029574,
SENSEX2642379300CE,LIMIT,SELL,520,0,124.65,126.44423076923077,0,executed,10:13:03 / 22-04-2026,1280029575,
SENSEX2642377500PE,LIMIT,SELL,520,0,101.9,103.55192307692307,0,executed,10:16:09 / 22-04-2026,1280029576,
SENSEX2642379300CE,LIMIT,SELL,520,0,124.15,126.46153846153847,0,executed,10:20:12 / 22-04-2026,1280029577,
SENSEX2642379300CE,LIMIT,SELL,520,0,120.15,122.02692307692308,0,executed,10:22:09 / 22-04-2026,1280029578,
SENSEX2642377500PE,LIMIT,SELL,520,0,113.25,115.3576923076923,0,executed,10:22:31 / 22-04-2026,1280029579,
SENSEX2642377500PE,LIMIT,SELL,520,0,100.85,102.38076923076923,0,executed,10:31:02 / 22-04-2026,1280029580,
SENSEX2642375500PE,LIMIT,BUY,520,0,5.65,5.55,0,executed,10:31:09 / 22-04-2026,1280029581,
SENSEX2642375500PE,LIMIT,BUY,520,0,5.65,5.55,0,executed,10:31:09 / 22-04-2026,1280029582,
SENSEX2642375500PE,LIMIT,BUY,520,0,5.65,5.55,0,executed,10:31:09 / 22-04-2026,1280029583,
SENSEX2642375500PE,LIMIT,BUY,520,0,5.65,5.55,0,executed,10:31:09 / 22-04-2026,1280029584,
SENSEX2642377500PE,LIMIT,SELL,520,0,99.7,101.46538461538462,0,executed,10:32:52 / 22-04-2026,1280029585,
SENSEX2642378500CE,LIMIT,SELL,520,0,395.25,402.0346153846154,0,executed,10:36:26 / 22-04-2026,1280029586,
SENSEX2642378500PE,LIMIT,SELL,520,0,387.95,395.4096153846154,0,executed,10:36:33 / 22-04-2026,1280029587,
SENSEX2642378500CE,LIMIT,SELL,520,0,401.05,410.0923076923077,0,executed,10:36:48 / 22-04-2026,1280029588,
SENSEX2642378500PE,LIMIT,SELL,520,0,379.25,386.225,0,executed,10:36:52 / 22-04-2026,1280029589,
SENSEX2642381600CE,LIMIT,BUY,520,0,5.55,5.5,0,executed,10:36:58 / 22-04-2026,1280029590,
SENSEX2642381600CE,LIMIT,BUY,520,0,5.55,5.5,0,executed,10:36:58 / 22-04-2026,1280029591,
SENSEX2642381600CE,LIMIT,BUY,520,0,5.55,5.5,0,executed,10:36:58 / 22-04-2026,1280029592,
SENSEX2642381600CE,LIMIT,BUY,520,0,5.6,5.5,0,executed,10:36:59 / 22-04-2026,1280029593,
SENSEX2642381600CE,LIMIT,BUY,520,0,5.6,5.5,0,executed,10:37:00 / 22-04-2026,1280029596,
SENSEX2642381600CE,LIMIT,BUY,520,0,5.55,5.55,0,executed,10:37:02 / 22-04-2026,1280029599,
SENSEX2642378000PE,LIMIT,SELL,520,0,180.55,184.5346153846154,0,executed,10:38:43 / 22-04-2026,1280029600,
SENSEX2642378000PE,LIMIT,SELL,520,0,180.4,183.47307692307692,0,executed,10:38:45 / 22-04-2026,1280029601,
SENSEX2642379300CE,LIMIT,SELL,520,0,137,138.87692307692308,0,executed,10:38:59 / 22-04-2026,1280029602,
SENSEX2642378000PE,LIMIT,SELL,520,0,166.6,169.77692307692308,0,executed,10:43:24 / 22-04-2026,1280029603,
SENSEX2642379300CE,LIMIT,SELL,200,0,145.85,148.98,0,executed,10:43:35 / 22-04-2026,1280029604,
SENSEX2642378000PE,LIMIT,SELL,200,0,154.5,158.1,0,executed,10:47:39 / 22-04-2026,1280029605,
SENSEX2642378000PE,LIMIT,SELL,200,0,154.7,157.75,0,executed,10:47:40 / 22-04-2026,1280029606,
SENSEX2642378000PE,LIMIT,SELL,200,0,152.45,155.1,0,executed,10:47:46 / 22-04-2026,1280029607,
SENSEX2642379300CE,LIMIT,SELL,200,0,168.25,170.95,0,executed,10:48:03 / 22-04-2026,1280029608,
SENSEX2642378500PE,LIMIT,SELL,500,0,314,319,0,executed,10:50:11 / 22-04-2026,1280029609,
SENSEX2642379300CE,LIMIT,SELL,500,0,160.25,163.18,0,executed,10:50:29 / 22-04-2026,1280029610,
SENSEX2642378000PE,LIMIT,SELL,500,0,149.65,152.554,0,executed,10:51:51 / 22-04-2026,1280029611,
SENSEX2642379300CE,LIMIT,SELL,200,0,163.95,168.13,0,executed,10:52:05 / 22-04-2026,1280029612,
SENSEX2642378500PE,LIMIT,SELL,200,0,282,287.9,0,executed,10:55:39 / 22-04-2026,1280029613,
SENSEX2642379300CE,LIMIT,SELL,200,0,170.25,173.2,0,executed,10:55:45 / 22-04-2026,1280029614,
SENSEX2642379300CE,LIMIT,SELL,200,0,163.15,166.36,0,executed,10:56:33 / 22-04-2026,1280029615,
SENSEX2642379300CE,LIMIT,SELL,200,0,148.25,150.5,0,executed,11:07:02 / 22-04-2026,1280029616,
SENSEX2642378500CE,LIMIT,SELL,200,0,471.9,483.675,0,executed,11:13:03 / 22-04-2026,1280029617,
SENSEX2642378500PE,LIMIT,SELL,200,0,303.35,309.31,0,executed,11:13:12 / 22-04-2026,1280029618,
SENSEX2642379300CE,LIMIT,SELL,200,0,141,144.55,0,executed,11:13:26 / 22-04-2026,1280029619,
SENSEX2642377500PE,LIMIT,BUY,1000,0,71.05,61.614,0,executed,11:21:37 / 22-04-2026,1280029620,
SENSEX2642377500PE,LIMIT,BUY,1000,0,71.05,61.672,0,executed,11:21:37 / 22-04-2026,1280029621,
SENSEX2642377500PE,LIMIT,BUY,1000,0,71.05,61.624,0,executed,11:21:37 / 22-04-2026,1280029622,
SENSEX2642377500PE,LIMIT,BUY,1000,0,71.05,61.697,0,executed,11:21:37 / 22-04-2026,1280029623,
SENSEX2642377500PE,LIMIT,BUY,1000,0,71.05,61.664,0,executed,11:21:37 / 22-04-2026,1280029624,
SENSEX2642377500PE,LIMIT,BUY,1000,0,71.05,61.639,0,executed,11:21:37 / 22-04-2026,1280029625,
SENSEX2642377500PE,LIMIT,BUY,1000,0,71.05,61.648,0,executed,11:21:37 / 22-04-2026,1280029626,
SENSEX2642378000PE,LIMIT,BUY,1000,0,157.55,136.204,0,executed,11:21:38 / 22-04-2026,1280029627,
SENSEX2642378500PE,LIMIT,BUY,1000,0,329.5,284.628,0,executed,11:21:38 / 22-04-2026,1280029628,
SENSEX2642378000PE,LIMIT,BUY,1000,0,157.55,136.28,0,executed,11:21:38 / 22-04-2026,1280029629,
SENSEX2642377500PE,LIMIT,BUY,280,0,71.05,61.75,0,executed,11:21:38 / 22-04-2026,1280029630,
SENSEX2642378500CE,LIMIT,BUY,240,0,576.2,502.2583333333333,0,executed,11:21:38 / 22-04-2026,1280029631,
SENSEX2642378500CE,LIMIT,BUY,1000,0,576.2,502.478,0,executed,11:21:38 / 22-04-2026,1280029632,
SENSEX2642378000PE,LIMIT,BUY,660,0,157.55,136.36515151515152,0,executed,11:21:38 / 22-04-2026,1280029633,
SENSEX2642379300CE,LIMIT,BUY,1000,0,184.95,162.59,0,executed,11:21:39 / 22-04-2026,1280029634,
SENSEX2642379300CE,LIMIT,BUY,1000,0,184.95,162.718,0,executed,11:21:39 / 22-04-2026,1280029635,
SENSEX2642379300CE,LIMIT,BUY,1000,0,184.95,162.872,0,executed,11:21:39 / 22-04-2026,1280029636,
SENSEX2642379300CE,LIMIT,BUY,1000,0,184.95,162.862,0,executed,11:21:39 / 22-04-2026,1280029637,
SENSEX2642378500PE,LIMIT,BUY,940,0,329.5,283.98191489361704,0,executed,11:21:39 / 22-04-2026,1280029638,
SENSEX2642379300CE,LIMIT,BUY,1000,0,184.95,162.755,0,executed,11:21:39 / 22-04-2026,1280029639,
SENSEX2642379300CE,LIMIT,BUY,1000,0,184.95,162.926,0,executed,11:21:39 / 22-04-2026,1280029640,
SENSEX2642379300CE,LIMIT,BUY,580,0,184.95,165.45172413793102,0,executed,11:21:40 / 22-04-2026,1280029641,
SENSEX2642375500PE,LIMIT,SELL,1000,0,3.75,4.35,0,executed,11:21:41 / 22-04-2026,1280029642,
SENSEX2642375500PE,LIMIT,SELL,1000,0,3.75,4.35,0,executed,11:21:41 / 22-04-2026,1280029643,
SENSEX2642375500PE,LIMIT,SELL,1000,0,3.75,4.35,0,executed,11:21:41 / 22-04-2026,1280029644,
SENSEX2642375500PE,LIMIT,SELL,1000,0,3.75,4.35,0,executed,11:21:41 / 22-04-2026,1280029645,
SENSEX2642375500PE,LIMIT,SELL,1000,0,3.75,4.35,0,executed,11:21:41 / 22-04-2026,1280029646,
SENSEX2642375500PE,LIMIT,SELL,1000,0,3.75,4.35,0,executed,11:21:41 / 22-04-2026,1280029647,
SENSEX2642375500PE,LIMIT,SELL,1000,0,3.75,4.35,0,executed,11:21:41 / 22-04-2026,1280029648,
SENSEX2642375500PE,LIMIT,SELL,1000,0,3.75,4.35,0,executed,11:21:42 / 22-04-2026,1280029649,
SENSEX2642381600CE,LIMIT,SELL,1000,0,4.6,5.43,0,executed,11:21:42 / 22-04-2026,1280029650,
SENSEX2642381600CE,LIMIT,SELL,1000,0,4.6,5.4,0,executed,11:21:42 / 22-04-2026,1280029651,
SENSEX2642375500PE,LIMIT,SELL,320,0,3.75,4.35,0,executed,11:21:42 / 22-04-2026,1280029652,
SENSEX2642381600CE,LIMIT,SELL,1000,0,4.6,5.4,0,executed,11:21:42 / 22-04-2026,1280029653,
SENSEX2642381600CE,LIMIT,SELL,1000,0,4.6,5.4,0,executed,11:21:42 / 22-04-2026,1280029654,
SENSEX2642381600CE,LIMIT,SELL,1000,0,4.6,5.37,0,executed,11:21:42 / 22-04-2026,1280029655,
SENSEX2642381600CE,LIMIT,SELL,320,0,4.6,5.4,0,executed,11:21:43 / 22-04-2026,1280029656,
SENSEX2642381600CE,LIMIT,SELL,1000,0,4.6,5.4,0,executed,11:21:43 / 22-04-2026,1280029657,
SENSEX2642381600CE,LIMIT,SELL,1000,0,4.6,5.366,0,executed,11:21:43 / 22-04-2026,1280029658,
SENSEX2642381600CE,LIMIT,SELL,1000,0,4.6,5.37,0,executed,11:21:43 / 22-04-2026,1280029659,
SENSEX2642379400CE,LIMIT,SELL,480,0,112.6,113.80208333333333,0,executed,11:43:34 / 22-04-2026,1280029664,
SENSEX2642379400CE,LIMIT,SELL,480,0,112.05,114.64166666666667,0,executed,11:43:37 / 22-04-2026,1280029665,
SENSEX2642379400CE,LIMIT,SELL,1000,0,114.05,116.297,0,executed,11:43:49 / 22-04-2026,1280029666,
SENSEX2642379400CE,LIMIT,SELL,220,0,114.05,116.29545454545455,0,executed,11:43:49 / 22-04-2026,1280029667,
SENSEX2642377800PE,LIMIT,SELL,220,0,108.4,109.06818181818181,0,executed,11:44:06 / 22-04-2026,1280029668,
SENSEX2642377800PE,LIMIT,SELL,1000,0,108.4,108.981,0,executed,11:44:06 / 22-04-2026,1280029669,
SENSEX2642377800PE,LIMIT,SELL,1000,0,107.6,108.846,0,executed,11:44:11 / 22-04-2026,1280029670,
SENSEX2642377800PE,LIMIT,SELL,220,0,107.6,109.06818181818181,0,executed,11:44:12 / 22-04-2026,1280029671,
SENSEX2642379400CE,LIMIT,SELL,220,0,99.25,101.44090909090909,0,executed,11:49:13 / 22-04-2026,1280029672,
SENSEX2642381500CE,LIMIT,BUY,520,0,5.15,5.1,0,executed,11:51:19 / 22-04-2026,1280029673,
SENSEX2642381500CE,LIMIT,BUY,520,0,5.15,5.144230769230769,0,executed,11:51:19 / 22-04-2026,1280029674,
SENSEX2642381500CE,LIMIT,BUY,520,0,5.15,5.15,0,executed,11:51:20 / 22-04-2026,1280029675,
SENSEX2642381500CE,LIMIT,BUY,520,0,5.15,5.15,0,executed,11:51:20 / 22-04-2026,1280029676,
SENSEX2642381500CE,LIMIT,BUY,520,0,5.25,5.15,0,executed,11:51:22 / 22-04-2026,1280029677,
SENSEX2642375000PE,LIMIT,BUY,520,0,3.05,3.05,0,executed,11:51:30 / 22-04-2026,1280029678,
SENSEX2642375000PE,LIMIT,BUY,520,0,3.05,3.05,0,executed,11:51:31 / 22-04-2026,1280029679,
SENSEX2642375000PE,LIMIT,BUY,520,0,3.05,3.05,0,executed,11:51:31 / 22-04-2026,1280029680,
SENSEX2642375000PE,LIMIT,BUY,520,0,3.1,3.05,0,executed,11:51:31 / 22-04-2026,1280029681,
SENSEX2642375000PE,LIMIT,BUY,520,0,3.1,3.05,0,executed,11:51:31 / 22-04-2026,1280029682,
SENSEX2642375000PE,LIMIT,BUY,520,0,3.1,3.05,0,executed,11:51:32 / 22-04-2026,1280029683,
SENSEX2642377800PE,LIMIT,SELL,200,0,102.7,105.5,0,executed,11:58:09 / 22-04-2026,1280029684,
SENSEX2642381500CE,LIMIT,BUY,200,0,5.4,5.3,0,executed,11:59:26 / 22-04-2026,1280029685,
SENSEX2642377800PE,LIMIT,SELL,200,0,98.6,100.35,0,executed,11:59:36 / 22-04-2026,1280029686,
SENSEX2642379400CE,LIMIT,SELL,200,0,111.55,114.3,0,executed,12:10:20 / 22-04-2026,1280029687,
SENSEX2642379400CE,LIMIT,SELL,200,0,103.4,105.4,0,executed,12:19:42 / 22-04-2026,1280029688,
SENSEX2642379300CE,LIMIT,SELL,200,0,116.85,119.09,0,executed,12:25:07 / 22-04-2026,1280029693,
SENSEX2642378000PE,LIMIT,SELL,200,0,124.5,126.98,0,executed,13:04:29 / 22-04-2026,1280029698,
SENSEX2642379300CE,LIMIT,SELL,200,0,111.9,113.555,0,executed,13:22:25 / 22-04-2026,1280029699,
SENSEX2642378500CE,LIMIT,SELL,200,0,368.4,375.65,0,executed,13:22:54 / 22-04-2026,1280029700,
SENSEX2642378000PE,LIMIT,SELL,200,0,125.9,128.65,0,executed,13:36:02 / 22-04-2026,1280029701,
SENSEX2642379400CE,LIMIT,SELL,200,0,96.25,98,0,executed,13:36:20 / 22-04-2026,1280029702,
SENSEX2642379300CE,LIMIT,SELL,200,0,112.7,113.95,0,executed,13:39:54 / 22-04-2026,1280029703,
SENSEX2642378000PE,LIMIT,SELL,200,0,127.45,129.36,0,executed,13:41:57 / 22-04-2026,1280029704,
SENSEX2642377800PE,LIMIT,SELL,200,0,91.65,93.79,0,executed,13:42:09 / 22-04-2026,1280029705,
SENSEX2642378500PE,LIMIT,SELL,200,0,264.3,269.25,0,executed,13:49:21 / 22-04-2026,1280029706,
SENSEX2642377800PE,LIMIT,BUY,1000,0,117.05,102.567,0,executed,13:52:59 / 22-04-2026,1280029707,
SENSEX2642378500CE,LIMIT,BUY,200,0,473.95,410.685,0,executed,13:52:59 / 22-04-2026,1280029708,
SENSEX2642377800PE,LIMIT,BUY,40,0,117.05,102.625,0,executed,13:52:59 / 22-04-2026,1280029709,
SENSEX2642378500PE,LIMIT,BUY,200,0,336.25,293.775,0,executed,13:52:59 / 22-04-2026,1280029710,
SENSEX2642378000PE,LIMIT,BUY,600,0,159.9,140,0,executed,13:52:59 / 22-04-2026,1280029711,
SENSEX2642377800PE,LIMIT,BUY,1000,0,117.05,102.517,0,executed,13:53:00 / 22-04-2026,1280029712,
SENSEX2642379300CE,LIMIT,BUY,600,0,126.8,110.495,0,executed,13:53:00 / 22-04-2026,1280029713,
SENSEX2642379400CE,LIMIT,BUY,1000,0,105.8,92.632,0,executed,13:53:00 / 22-04-2026,1280029714,
SENSEX2642379400CE,LIMIT,BUY,1000,0,105.8,92.58,0,executed,13:53:00 / 22-04-2026,1280029715,
SENSEX2642379400CE,LIMIT,BUY,1000,0,105.8,92.562,0,executed,13:53:00 / 22-04-2026,1280029716,
SENSEX2642377800PE,LIMIT,BUY,1000,0,117.05,101.977,0,executed,13:53:00 / 22-04-2026,1280029717,
SENSEX2642381500CE,LIMIT,SELL,1000,0,3.85,4.45,0,executed,13:53:01 / 22-04-2026,1280029718,
SENSEX2642381500CE,LIMIT,SELL,1000,0,3.85,4.45,0,executed,13:53:01 / 22-04-2026,1280029719,
SENSEX2642381500CE,LIMIT,SELL,800,0,3.85,4.45,0,executed,13:53:01 / 22-04-2026,1280029720,
SENSEX2642375000PE,LIMIT,SELL,1000,0,2.65,3.05,0,executed,13:53:01 / 22-04-2026,1280029721,
SENSEX2642375000PE,LIMIT,SELL,120,0,2.65,3.05,0,executed,13:53:01 / 22-04-2026,1280029722,
SENSEX2642375000PE,LIMIT,SELL,1000,0,2.65,3.05,0,executed,13:53:01 / 22-04-2026,1280029723,
SENSEX2642375000PE,LIMIT,SELL,1000,0,2.65,3.05,0,executed,13:53:01 / 22-04-2026,1280029724,
SENSEX2642381300CE,LIMIT,BUY,500,0,5,4.906,0,executed,14:37:53 / 22-04-2026,1280029725,
SENSEX2642381300CE,LIMIT,BUY,1000,0,5,4.95,0,executed,14:37:53 / 22-04-2026,1280029726,
SENSEX2642381300CE,LIMIT,BUY,1000,0,5,4.95,0,executed,14:37:53 / 22-04-2026,1280029727,
SENSEX2642381300CE,LIMIT,BUY,500,0,5,4.95,0,executed,14:37:53 / 22-04-2026,1280029728,
SENSEX2642381300CE,LIMIT,BUY,500,0,4.9,4.9,0,executed,14:37:54 / 22-04-2026,1280029729,
SENSEX2642381300CE,LIMIT,BUY,1000,0,4.9,4.9,0,executed,14:37:54 / 22-04-2026,1280029730,
SENSEX2642381300CE,LIMIT,BUY,500,0,4.9,4.9,0,executed,14:37:54 / 22-04-2026,1280029731,
SENSEX2642381300CE,LIMIT,BUY,1000,0,4.9,4.9,0,executed,14:37:55 / 22-04-2026,1280029732,
SENSEX2642381300CE,LIMIT,BUY,1000,0,4.9,4.9,0,executed,14:37:55 / 22-04-2026,1280029733,
SENSEX2642381300CE,LIMIT,BUY,500,0,4.9,4.9,0,executed,14:37:55 / 22-04-2026,1280029734,
SENSEX2642381300CE,LIMIT,BUY,1000,0,5,4.95,0,executed,14:37:58 / 22-04-2026,1280029735,
SENSEX2642381300CE,LIMIT,BUY,500,0,5,4.95,0,executed,14:37:58 / 22-04-2026,1280029736,
SENSEX2642381300CE,LIMIT,BUY,1000,0,5,4.95,0,executed,14:38:00 / 22-04-2026,1280029737,
SENSEX2642381300CE,LIMIT,BUY,500,0,5,4.95,0,executed,14:38:00 / 22-04-2026,1280029738,
SENSEX2642381300CE,LIMIT,BUY,1000,0,5,5,0,executed,14:38:01 / 22-04-2026,1280029739,
SENSEX2642381300CE,LIMIT,BUY,500,0,5,5,0,executed,14:38:01 / 22-04-2026,1280029740,
SENSEX2642376000PE,LIMIT,BUY,500,0,6,5.95,0,executed,14:38:03 / 22-04-2026,1280029741,
SENSEX2642376000PE,LIMIT,BUY,1000,0,6,5.95,0,executed,14:38:03 / 22-04-2026,1280029742,
SENSEX2642376000PE,LIMIT,BUY,1000,0,6,5.95,0,executed,14:38:03 / 22-04-2026,1280029743,
SENSEX2642376000PE,LIMIT,BUY,500,0,6,5.95,0,executed,14:38:03 / 22-04-2026,1280029744,
SENSEX2642376000PE,LIMIT,BUY,1000,0,6.05,5.95,0,executed,14:38:03 / 22-04-2026,1280029745,
SENSEX2642376000PE,LIMIT,BUY,500,0,6.05,5.95,0,executed,14:38:03 / 22-04-2026,1280029746,
SENSEX2642376000PE,LIMIT,BUY,500,0,6.05,5.95,0,executed,14:38:03 / 22-04-2026,1280029747,
SENSEX2642376000PE,LIMIT,BUY,1000,0,6.05,5.95,0,executed,14:38:03 / 22-04-2026,1280029748,
SENSEX2642376000PE,LIMIT,BUY,500,0,6,5.95,0,executed,14:38:05 / 22-04-2026,1280029749,
SENSEX2642376000PE,LIMIT,BUY,1000,0,6,5.95,0,executed,14:38:05 / 22-04-2026,1280029750,
SENSEX2642379200CE,LIMIT,SELL,1000,0,131.75,134.827,0,executed,14:38:21 / 22-04-2026,1280029751,
SENSEX2642379200CE,LIMIT,SELL,500,0,131.75,134.912,0,executed,14:38:21 / 22-04-2026,1280029752,
SENSEX2642379200CE,LIMIT,SELL,1000,0,131.55,133.835,0,executed,14:38:24 / 22-04-2026,1280029753,
SENSEX2642379200CE,LIMIT,SELL,500,0,131.55,133.776,0,executed,14:38:24 / 22-04-2026,1280029754,
SENSEX2642378000PE,LIMIT,SELL,500,0,118.5,120.95,0,executed,14:38:35 / 22-04-2026,1280029755,
SENSEX2642378000PE,LIMIT,SELL,1000,0,118.5,120.974,0,executed,14:38:35 / 22-04-2026,1280029756,
SENSEX2642378000PE,LIMIT,SELL,500,0,118.6,121.098,0,executed,14:38:37 / 22-04-2026,1280029757,
SENSEX2642378000PE,LIMIT,SELL,1000,0,118.6,121.073,0,executed,14:38:37 / 22-04-2026,1280029758,
SENSEX2642379200CE,LIMIT,SELL,500,0,120.65,123.486,0,executed,14:38:51 / 22-04-2026,1280029759,
SENSEX2642379200CE,LIMIT,SELL,1000,0,120.65,123.373,0,executed,14:38:51 / 22-04-2026,1280029760,
SENSEX2642378000PE,LIMIT,SELL,500,0,122.25,123.948,0,executed,14:39:02 / 22-04-2026,1280029761,
SENSEX2642378000PE,LIMIT,SELL,1000,0,122.25,123.739,0,executed,14:39:02 / 22-04-2026,1280029762,
SENSEX2642378500PE,LIMIT,BUY,200,0,285.75,273.08,0,executed,14:40:41 / 22-04-2026,1280029763,
SENSEX2642378000PE,LIMIT,SELL,200,0,116.5,121.6,0,executed,14:40:42 / 22-04-2026,1280029764,
SENSEX2642378500PE,LIMIT,BUY,200,0,286.05,273.395,0,executed,14:40:46 / 22-04-2026,1280029765,
SENSEX2642378000PE,LIMIT,SELL,200,0,117.3,122.245,0,executed,14:40:46 / 22-04-2026,1280029766,
SENSEX2642378500PE,LIMIT,BUY,200,0,288.75,275.675,0,executed,14:40:54 / 22-04-2026,1280029767,
SENSEX2642378000PE,LIMIT,SELL,200,0,116.6,123.95,0,executed,14:40:55 / 22-04-2026,1280029768,
SENSEX2642378500PE,LIMIT,BUY,200,0,291.55,278.785,0,executed,14:40:59 / 22-04-2026,1280029769,
SENSEX2642378000PE,LIMIT,SELL,200,0,119,125.1,0,executed,14:40:59 / 22-04-2026,1280029770,
SENSEX2642378800CE,LIMIT,BUY,200,0,270.7,258.7,0,executed,14:41:40 / 22-04-2026,1280029771,
SENSEX2642379200CE,LIMIT,SELL,200,0,123.45,129.26,0,executed,14:41:40 / 22-04-2026,1280029772,
SENSEX2642378800CE,LIMIT,BUY,200,0,270.85,258.3,0,executed,14:41:45 / 22-04-2026,1280029773,
SENSEX2642379200CE,LIMIT,SELL,200,0,122.65,129.15,0,executed,14:41:46 / 22-04-2026,1280029774,
SENSEX2642378800CE,LIMIT,BUY,200,0,270.25,256.935,0,executed,14:41:55 / 22-04-2026,1280029775,
SENSEX2642378800CE,LIMIT,BUY,200,0,270.25,256.765,0,executed,14:41:55 / 22-04-2026,1280029776,
SENSEX2642379200CE,LIMIT,SELL,200,0,123.7,128.555,0,executed,14:41:55 / 22-04-2026,1280029777,
SENSEX2642379200CE,LIMIT,SELL,200,0,123.7,128.7,0,executed,14:41:56 / 22-04-2026,1280029778,
SENSEX2642381300CE,LIMIT,SELL,1000,0,4.65,4.75,0,executed,14:42:11 / 22-04-2026,1280029779,
SENSEX2642381300CE,LIMIT,SELL,500,0,4.65,4.7,0,executed,14:42:11 / 22-04-2026,1280029780,
SENSEX2642381300CE,LIMIT,SELL,1000,0,4.65,4.7,0,executed,14:42:11 / 22-04-2026,1280029781,
SENSEX2642381300CE,LIMIT,SELL,500,0,4.65,4.75,0,executed,14:42:12 / 22-04-2026,1280029782,
SENSEX2642381300CE,LIMIT,SELL,1000,0,4.7,4.7,0,executed,14:42:13 / 22-04-2026,1280029783,
SENSEX2642381300CE,LIMIT,SELL,500,0,4.7,4.7,0,executed,14:42:13 / 22-04-2026,1280029784,
SENSEX2642376000PE,LIMIT,SELL,500,0,5.6,5.7,0,executed,14:42:18 / 22-04-2026,1280029785,
SENSEX2642376000PE,LIMIT,SELL,1000,0,5.6,5.676,0,executed,14:42:18 / 22-04-2026,1280029786,
SENSEX2642376000PE,LIMIT,SELL,1000,0,5.6,5.65,0,executed,14:42:18 / 22-04-2026,1280029787,
SENSEX2642376000PE,LIMIT,SELL,500,0,5.6,5.664,0,executed,14:42:18 / 22-04-2026,1280029788,
SENSEX2642376000PE,LIMIT,BUY,1000,0,5.75,5.75,0,executed,14:42:21 / 22-04-2026,1280029789,
SENSEX2642376000PE,LIMIT,BUY,500,0,5.75,5.75,0,executed,14:42:21 / 22-04-2026,1280029790,
SENSEX2642378000PE,LIMIT,BUY,1000,0,115,114.857,0,executed,14:54:55 / 22-04-2026,1280029791,
SENSEX2642378000PE,LIMIT,BUY,1000,0,115,114.998,0,executed,14:54:55 / 22-04-2026,1280029792,
SENSEX2642378000PE,LIMIT,BUY,1000,0,115,114.993,0,executed,14:54:55 / 22-04-2026,1280029793,
SENSEX2642378000PE,LIMIT,BUY,1000,0,115,114.981,0,executed,14:54:55 / 22-04-2026,1280029794,
SENSEX2642378000PE,LIMIT,BUY,1000,0,115,115,0,executed,14:54:55 / 22-04-2026,1280029795,
SENSEX2642378000PE,LIMIT,BUY,300,0,115,115,0,executed,14:54:58 / 22-04-2026,1280029796,
SENSEX2642379200CE,LIMIT,BUY,1000,0,129,129,0,executed,14:55:05 / 22-04-2026,1280029797,
SENSEX2642379200CE,LIMIT,BUY,500,0,129,129,0,executed,14:55:05 / 22-04-2026,1280029798,
SENSEX2642379200CE,LIMIT,BUY,500,0,134.6,132.424,0,executed,14:55:18 / 22-04-2026,1280029799,
SENSEX2642378000PE,LIMIT,BUY,300,0,132.15,114.60666666666667,0,executed,14:55:26 / 22-04-2026,1280029800,
SENSEX2642379200CE,LIMIT,BUY,500,0,135.2,132.774,0,executed,14:55:34 / 22-04-2026,1280029801,
SENSEX2642378800CE,LIMIT,SELL,800,0,229.75,270.8925,0,executed,14:55:41 / 22-04-2026,1280029802,
SENSEX2642379200CE,LIMIT,BUY,500,0,137.75,135.588,0,executed,14:55:47 / 22-04-2026,1280029803,
SENSEX2642378500PE,LIMIT,SELL,800,0,220.4,259.18,0,executed,14:55:54 / 22-04-2026,1280029804,
SENSEX2642379200CE,LIMIT,BUY,500,0,132.15,129.26,0,executed,14:56:00 / 22-04-2026,1280029805,
SENSEX2642379200CE,LIMIT,BUY,500,0,132.65,130.494,0,executed,14:56:04 / 22-04-2026,1280029806,
SENSEX2642379200CE,LIMIT,BUY,500,0,131.55,129.208,0,executed,14:56:10 / 22-04-2026,1280029807,
SENSEX2642379200CE,LIMIT,BUY,500,0,132.55,130.134,0,executed,14:56:15 / 22-04-2026,1280029808,
SENSEX2642379200CE,LIMIT,BUY,300,0,150.15,130.75,0,executed,14:56:17 / 22-04-2026,1280029809,
SENSEX2642376000PE,LIMIT,SELL,1000,0,4.6,5.3,0,executed,14:56:18 / 22-04-2026,1280029810,
SENSEX2642376000PE,LIMIT,SELL,1000,0,4.6,5.3,0,executed,14:56:18 / 22-04-2026,1280029811,
SENSEX2642378000PE,LIMIT,SELL,300,0,99.85,116.30666666666667,0,executed,14:56:18 / 22-04-2026,1280029812,
SENSEX2642376000PE,LIMIT,SELL,1000,0,4.6,5.288,0,executed,14:56:18 / 22-04-2026,1280029813,
SENSEX2642376000PE,LIMIT,SELL,1000,0,4.6,5.25,0,executed,14:56:18 / 22-04-2026,1280029814,
SENSEX2642376000PE,LIMIT,SELL,1000,0,4.6,5.252,0,executed,14:56:18 / 22-04-2026,1280029815,
SENSEX2642376000PE,LIMIT,SELL,1000,0,4.6,5.252,0,executed,14:56:18 / 22-04-2026,1280029816,
SENSEX2642381300CE,LIMIT,SELL,1000,0,3.75,4.4,0,executed,14:56:19 / 22-04-2026,1280029817,
SENSEX2642381300CE,LIMIT,SELL,1000,0,3.75,4.381,0,executed,14:56:19 / 22-04-2026,1280029818,
SENSEX2642381300CE,LIMIT,SELL,1000,0,3.75,4.35,0,executed,14:56:19 / 22-04-2026,1280029819,
SENSEX2642381300CE,LIMIT,SELL,1000,0,3.75,4.35,0,executed,14:56:19 / 22-04-2026,1280029820,
SENSEX2642381300CE,LIMIT,SELL,1000,0,3.75,4.35,0,executed,14:56:19 / 22-04-2026,1280029821,
SENSEX2642381300CE,LIMIT,SELL,1000,0,3.75,4.35,0,executed,14:56:19 / 22-04-2026,1280029822,
SENSEX2642381300CE,LIMIT,SELL,1000,0,3.75,4.35,0,executed,14:56:19 / 22-04-2026,1280029823,
SENSEX2642381300CE,LIMIT,SELL,500,0,3.75,4.35,0,executed,14:56:20 / 22-04-2026,1280029824,